,snapshot_count,update_count,total_count
E:\tmp\OKX-Books-BTC-USDT-400\OKX-Books-BTC-USDT-400-1743436790407-1743537950600.parquet,15,999985,1000000
E:\tmp\OKX-Books-BTC-USDT-400\OKX-Books-BTC-USDT-400-1743537950700-1743671559505.parquet,14,999986,1000000
E:\tmp\OKX-Books-BTC-USDT-400\OKX-Books-BTC-USDT-400-1743671559605-1743772112206.parquet,15,999985,1000000
E:\tmp\OKX-Books-BTC-USDT-400\OKX-Books-BTC-USDT-400-1743772112306-1743908302903.parquet,15,999985,1000000
E:\tmp\OKX-Books-BTC-USDT-400\OKX-Books-BTC-USDT-400-1743908303003-1744009469306.parquet,14,999986,1000000
E:\tmp\OKX-Books-BTC-USDT-400\OKX-Books-BTC-USDT-400-1744009469406-1744109915504.parquet,14,999986,1000000
E:\tmp\OKX-Books-BTC-USDT-400\OKX-Books-BTC-USDT-400-1744109915604-1744210254701.parquet,13,999987,1000000
E:\tmp\OKX-Books-BTC-USDT-400\OKX-Books-BTC-USDT-400-1744210254801-1744310813203.parquet,11,999989,1000000
E:\tmp\OKX-Books-BTC-USDT-400\OKX-Books-BTC-USDT-400-1744310813303-1744452436103.parquet,13,999987,1000000
E:\tmp\OKX-Books-BTC-USDT-400\OKX-Books-BTC-USDT-400-1744452436203-1744553762809.parquet,10,999990,1000000
E:\tmp\OKX-Books-BTC-USDT-400\OKX-Books-BTC-USDT-400-1744553762909-1744654430003.parquet,16,999984,1000000
E:\tmp\OKX-Books-BTC-USDT-400\OKX-Books-BTC-USDT-400-1744654430103-1744756218104.parquet,6,999994,1000000
E:\tmp\OKX-Books-BTC-USDT-400\OKX-Books-BTC-USDT-400-1744756218204-1744857928606.parquet,12,999988,1000000
E:\tmp\OKX-Books-BTC-USDT-400\OKX-Books-BTC-USDT-400-1744857928706-1744960346406.parquet,3,999997,1000000
E:\tmp\OKX-Books-BTC-USDT-400\OKX-Books-BTC-USDT-400-1744960346506-1745065370002.parquet,5,999995,1000000
E:\tmp\OKX-Books-BTC-USDT-400\OKX-Books-BTC-USDT-400-1745065370102-1745170091202.parquet,0,1000000,1000000
E:\tmp\OKX-Books-BTC-USDT-400\OKX-Books-BTC-USDT-400-1745170091302-1745272652108.parquet,3,999997,1000000
E:\tmp\OKX-Books-BTC-USDT-400\OKX-Books-BTC-USDT-400-1745272652208-1745373769708.parquet,3,999997,1000000
E:\tmp\OKX-Books-BTC-USDT-400\OKX-Books-BTC-USDT-400-1745373769808-1745475932704.parquet,7,999993,1000000
E:\tmp\OKX-Books-BTC-USDT-400\OKX-Books-BTC-USDT-400-1745475932804-1745578885205.parquet,10,999990,1000000
E:\tmp\OKX-Books-BTC-USDT-400\OKX-Books-BTC-USDT-400-1745578885305-1745684069006.parquet,2,999998,1000000
E:\tmp\OKX-Books-BTC-USDT-400\OKX-Books-BTC-USDT-400-1745684069106-1745793848309.parquet,1,999999,1000000
E:\tmp\OKX-Books-BTC-USDT-400\OKX-Books-BTC-USDT-400-1745793848409-1745898132009.parquet,7,999993,1000000
E:\tmp\OKX-Books-BTC-USDT-400\OKX-Books-BTC-USDT-400-1745898132109-1746004128600.parquet,4,999996,1000000
E:\tmp\OKX-Books-BTC-USDT-400\OKX-Books-BTC-USDT-400-1746004128700-1746028203800.parquet,3,229464,229467
E:\tmp\OKX-Books-BTC-USDT-400\OKX-Books-BTC-USDT-400-1746028203900-1746133458506.parquet,4,999996,1000000
E:\tmp\OKX-Books-BTC-USDT-400\OKX-Books-BTC-USDT-400-1746133458606-1746239662009.parquet,3,999997,1000000
E:\tmp\OKX-Books-BTC-USDT-400\OKX-Books-BTC-USDT-400-1746239662109-1746348883804.parquet,4,999996,1000000
E:\tmp\OKX-Books-BTC-USDT-400\OKX-Books-BTC-USDT-400-1746348883904-1746456967505.parquet,5,999995,1000000
E:\tmp\OKX-Books-BTC-USDT-400\OKX-Books-BTC-USDT-400-1746456967605-1746561571504.parquet,4,999996,1000000
E:\tmp\OKX-Books-BTC-USDT-400\OKX-Books-BTC-USDT-400-1746561571604-1746674762205.parquet,6,999994,1000000
E:\tmp\OKX-Books-BTC-USDT-400\OKX-Books-BTC-USDT-400-1746674762305-1746777264106.parquet,5,999995,1000000
E:\tmp\OKX-Books-BTC-USDT-400\OKX-Books-BTC-USDT-400-1746777264206-1746883045602.parquet,3,999997,1000000
E:\tmp\OKX-Books-BTC-USDT-400\OKX-Books-BTC-USDT-400-1746883045702-1746987884301.parquet,1,999999,1000000
E:\tmp\OKX-Books-BTC-USDT-400\OKX-Books-BTC-USDT-400-1746987884401-1747092079307.parquet,6,999994,1000000
E:\tmp\OKX-Books-BTC-USDT-400\OKX-Books-BTC-USDT-400-1747092079407-1747195192007.parquet,7,999993,1000000
E:\tmp\OKX-Books-BTC-USDT-400\OKX-Books-BTC-USDT-400-1747195192107-1747299185202.parquet,8,999992,1000000
E:\tmp\OKX-Books-BTC-USDT-400\OKX-Books-BTC-USDT-400-1747299185302-1747402069608.parquet,7,999993,1000000
E:\tmp\OKX-Books-BTC-USDT-400\OKX-Books-BTC-USDT-400-1747402069708-1747506725900.parquet,6,999994,1000000
E:\tmp\OKX-Books-BTC-USDT-400\OKX-Books-BTC-USDT-400-1747506726000-1747610807103.parquet,4,999996,1000000
E:\tmp\OKX-Books-BTC-USDT-400\OKX-Books-BTC-USDT-400-1747610807203-1747712793402.parquet,2,999998,1000000
E:\tmp\OKX-Books-BTC-USDT-400\OKX-Books-BTC-USDT-400-1747712793502-1747814959309.parquet,3,999997,1000000
E:\tmp\OKX-Books-BTC-USDT-400\OKX-Books-BTC-USDT-400-1747814959409-1747916676303.parquet,4,999996,1000000
E:\tmp\OKX-Books-BTC-USDT-400\OKX-Books-BTC-USDT-400-1747916676403-1748019495707.parquet,13,999987,1000000
E:\tmp\OKX-Books-BTC-USDT-400\OKX-Books-BTC-USDT-400-1748019495807-1748123027202.parquet,7,999993,1000000
E:\tmp\OKX-Books-BTC-USDT-400\OKX-Books-BTC-USDT-400-1748123027302-1748226536006.parquet,1,999999,1000000
E:\tmp\OKX-Books-BTC-USDT-400\OKX-Books-BTC-USDT-400-1748226536106-1748329874003.parquet,0,1000000,1000000
E:\tmp\OKX-Books-BTC-USDT-400\OKX-Books-BTC-USDT-400-1748329874103-1748432689602.parquet,6,999994,1000000
E:\tmp\OKX-Books-BTC-USDT-400\OKX-Books-BTC-USDT-400-1748432689702-1748534666509.parquet,7,999993,1000000
E:\tmp\OKX-Books-BTC-USDT-400\OKX-Books-BTC-USDT-400-1748534666609-1748637276409.parquet,5,999995,1000000
E:\tmp\OKX-Books-BTC-USDT-400\OKX-Books-BTC-USDT-400-1748637276509-1748707177905.parquet,1,680707,680708
