Filepath                                                                  , Overlap Count, Average Overlapping Items
tmp/newElapsedTime\OKX-Books-BTC-USDT-400-1740585318109-1740585818009.json,             0,                       0
tmp/newElapsedTime\OKX-Books-BTC-USDT-400-1740585818109-1740586318507.json,             0,                       0
tmp/newElapsedTime\OKX-Books-BTC-USDT-400-1740586318607-1740586818508.json,             0,                       0
tmp/newElapsedTime\OKX-Books-BTC-USDT-400-1740586818608-1740587318503.json,             0,                       0
tmp/newElapsedTime\OKX-Books-BTC-USDT-400-1740587318603-1740587818503.json,             0,                       0
tmp/newElapsedTime\OKX-Books-BTC-USDT-400-1740587818603-1740588318506.json,             0,                       0
tmp/newElapsedTime\OKX-Books-BTC-USDT-400-1740588318606-1740588818706.json,             0,                       0
tmp/newElapsedTime\OKX-Books-BTC-USDT-400-1740588818806-1740589318707.json,             0,                       0
tmp/newElapsedTime\OKX-Books-BTC-USDT-400-1740589318807-1740589819302.json,             0,                       0
tmp/newElapsedTime\OKX-Books-BTC-USDT-400-1740589819402-1740590319802.json,             0,                       0
tmp/newElapsedTime\OKX-Books-BTC-USDT-400-1740590319902-1740590820002.json,             0,                       0
tmp/newElapsedTime\OKX-Books-BTC-USDT-400-1740590820102-1740591320002.json,             0,                       0
tmp/newElapsedTime\OKX-Books-BTC-USDT-400-1740591320102-1740591820102.json,             0,                       0
tmp/newElapsedTime\OKX-Books-BTC-USDT-400-1740591820202-1740592320102.json,             0,                       0
tmp/newElapsedTime\OKX-Books-BTC-USDT-400-1740592320202-1740592820102.json,             0,                       0
tmp/newElapsedTime\OKX-Books-BTC-USDT-400-1740592820202-1740593320504.json,             0,                       0
tmp/newElapsedTime\OKX-Books-BTC-USDT-400-1740593320604-1740593820504.json,             0,                       0
tmp/newElapsedTime\OKX-Books-BTC-USDT-400-1740593820604-1740594320504.json,             0,                       0
tmp/newElapsedTime\OKX-Books-BTC-USDT-400-1740594320604-1740594820604.json,             0,                       0
tmp/newElapsedTime\OKX-Books-BTC-USDT-400-1740594820704-1740595320607.json,             0,                       0
tmp/newElapsedTime\OKX-Books-BTC-USDT-400-1740595320707-1740595820607.json,             0,                       0
tmp/newElapsedTime\OKX-Books-BTC-USDT-400-1740595820707-1740596320607.json,             0,                       0
tmp/newElapsedTime\OKX-Books-BTC-USDT-400-1740596320707-1740596821203.json,             1,                       2.0
tmp/newElapsedTime\OKX-Books-BTC-USDT-400-1740596821003-1740597321003.json,             1,                       2.0
tmp/newElapsedTime\OKX-Books-BTC-USDT-400-1740597321103-1740597821003.json,             0,                       0
tmp/newElapsedTime\OKX-Books-BTC-USDT-400-1740597821103-1740598321003.json,             0,                       0
tmp/newElapsedTime\OKX-Books-BTC-USDT-400-1740598321103-1740598821003.json,             0,                       0
tmp/newElapsedTime\OKX-Books-BTC-USDT-400-1740598821103-1740599321003.json,             0,                       0
tmp/newElapsedTime\OKX-Books-BTC-USDT-400-1740599321103-1740599821003.json,             0,                       0
tmp/newElapsedTime\OKX-Books-BTC-USDT-400-1740599821103-1740600321004.json,             0,                       0
tmp/newElapsedTime\OKX-Books-BTC-USDT-400-1740600321104-1740600821501.json,             0,                       0
tmp/newElapsedTime\OKX-Books-BTC-USDT-400-1740600821601-1740601321501.json,             0,                       0
tmp/newElapsedTime\OKX-Books-BTC-USDT-400-1740601321601-1740601821501.json,             0,                       0
tmp/newElapsedTime\OKX-Books-BTC-USDT-400-1740601821601-1740602321501.json,             0,                       0
tmp/newElapsedTime\OKX-Books-BTC-USDT-400-1740602321601-1740602821501.json,             0,                       0
tmp/newElapsedTime\OKX-Books-BTC-USDT-400-1740602821601-1740603321501.json,             0,                       0
tmp/newElapsedTime\OKX-Books-BTC-USDT-400-1740603321601-1740603821701.json,             0,                       0
tmp/newElapsedTime\OKX-Books-BTC-USDT-400-1740603821801-1740604322301.json,             0,                       0
tmp/newElapsedTime\OKX-Books-BTC-USDT-400-1740604322401-1740604822701.json,             0,                       0
tmp/newElapsedTime\OKX-Books-BTC-USDT-400-1740604822801-1740605322701.json,             0,                       0
tmp/newElapsedTime\OKX-Books-BTC-USDT-400-1740605322801-1740605822702.json,             0,                       0
tmp/newElapsedTime\OKX-Books-BTC-USDT-400-1740605822802-1740606322902.json,             0,                       0
tmp/newElapsedTime\OKX-Books-BTC-USDT-400-1740606323002-1740606823002.json,             1,                       1.0
tmp/newElapsedTime\OKX-Books-BTC-USDT-400-1740606822902-1740607322902.json,             1,                       1.0
tmp/newElapsedTime\OKX-Books-BTC-USDT-400-1740607323002-1740607823305.json,             0,                       0
tmp/newElapsedTime\OKX-Books-BTC-USDT-400-1740607823405-1740608323305.json,             0,                       0
tmp/newElapsedTime\OKX-Books-BTC-USDT-400-1740608323405-1740608823605.json,             0,                       0
tmp/newElapsedTime\OKX-Books-BTC-USDT-400-1740608823705-1740609325505.json,             0,                       0
tmp/newElapsedTime\OKX-Books-BTC-USDT-400-1740609325605-1740609829105.json,             0,                       0
tmp/newElapsedTime\OKX-Books-BTC-USDT-400-1740609829205-1740610333305.json,             0,                       0
tmp/newElapsedTime\OKX-Books-BTC-USDT-400-1740610333405-1740610835205.json,             0,                       0
tmp/newElapsedTime\OKX-Books-BTC-USDT-400-1740610835305-1740611336101.json,             0,                       0
tmp/newElapsedTime\OKX-Books-BTC-USDT-400-1740611336201-1740611837601.json,             0,                       0
tmp/newElapsedTime\OKX-Books-BTC-USDT-400-1740611837701-1740612338101.json,             1,                       1.0
tmp/newElapsedTime\OKX-Books-BTC-USDT-400-1740612338001-1740612839301.json,             1,                       1.0
tmp/newElapsedTime\OKX-Books-BTC-USDT-400-1740612839401-1740613340401.json,             1,                       1.0
tmp/newElapsedTime\OKX-Books-BTC-USDT-400-1740613340301-1740613841101.json,             1,                       1.0
tmp/newElapsedTime\OKX-Books-BTC-USDT-400-1740613841201-1740614342702.json,             0,                       0
tmp/newElapsedTime\OKX-Books-BTC-USDT-400-1740614342802-1740614843802.json,             1,                       1.0
tmp/newElapsedTime\OKX-Books-BTC-USDT-400-1740614843702-1740615344002.json,             1,                       1.0
tmp/newElapsedTime\OKX-Books-BTC-USDT-400-1740615344102-1740615844102.json,             0,                       0
tmp/newElapsedTime\OKX-Books-BTC-USDT-400-1740615844202-1740616344202.json,             0,                       0
tmp/newElapsedTime\OKX-Books-BTC-USDT-400-1740616344302-1740616844202.json,             0,                       0
tmp/newElapsedTime\OKX-Books-BTC-USDT-400-1740616844302-1740617344302.json,             0,                       0
tmp/newElapsedTime\OKX-Books-BTC-USDT-400-1740617344402-1740617844802.json,             0,                       0
tmp/newElapsedTime\OKX-Books-BTC-USDT-400-1740617844902-1740618346001.json,             0,                       0
tmp/newElapsedTime\OKX-Books-BTC-USDT-400-1740618346101-1740618846301.json,             0,                       0
tmp/newElapsedTime\OKX-Books-BTC-USDT-400-1740618846401-1740619346601.json,             0,                       0
tmp/newElapsedTime\OKX-Books-BTC-USDT-400-1740619346701-1740619846601.json,             0,                       0
tmp/newElapsedTime\OKX-Books-BTC-USDT-400-1740619846701-1740620346802.json,             0,                       0
tmp/newElapsedTime\OKX-Books-BTC-USDT-400-1740620346902-1740620847602.json,             0,                       0
tmp/newElapsedTime\OKX-Books-BTC-USDT-400-1740620847702-1740621348002.json,             0,                       0
tmp/newElapsedTime\OKX-Books-BTC-USDT-400-1740621348102-1740621848702.json,             0,                       0
tmp/newElapsedTime\OKX-Books-BTC-USDT-400-1740621848802-1740622349208.json,             0,                       0
tmp/newElapsedTime\OKX-Books-BTC-USDT-400-1740622349308-1740622849908.json,             0,                       0
tmp/newElapsedTime\OKX-Books-BTC-USDT-400-1740622850008-1740623350008.json,             0,                       0
tmp/newElapsedTime\OKX-Books-BTC-USDT-400-1740623350108-1740623851008.json,             0,                       0
tmp/newElapsedTime\OKX-Books-BTC-USDT-400-1740623851108-1740624351908.json,             0,                       0
tmp/newElapsedTime\OKX-Books-BTC-USDT-400-1740624352008-1740624851908.json,             0,                       0
tmp/newElapsedTime\OKX-Books-BTC-USDT-400-1740624852008-1740625352308.json,             0,                       0
tmp/newElapsedTime\OKX-Books-BTC-USDT-400-1740625352408-1740625852904.json,             0,                       0
tmp/newElapsedTime\OKX-Books-BTC-USDT-400-1740625853004-1740626353504.json,             0,                       0
tmp/newElapsedTime\OKX-Books-BTC-USDT-400-1740626353604-1740626853904.json,             0,                       0
tmp/newElapsedTime\OKX-Books-BTC-USDT-400-1740626854004-1740627354604.json,             0,                       0
tmp/newElapsedTime\OKX-Books-BTC-USDT-400-1740627354704-1740627855204.json,             0,                       0
tmp/newElapsedTime\OKX-Books-BTC-USDT-400-1740627855304-1740628355904.json,             0,                       0
tmp/newElapsedTime\OKX-Books-BTC-USDT-400-1740628356004-1740628857104.json,             1,                       1.0
tmp/newElapsedTime\OKX-Books-BTC-USDT-400-1740628857004-1740629357900.json,             1,                       1.0
tmp/newElapsedTime\OKX-Books-BTC-USDT-400-1740629358000-1740629858100.json,             0,                       0
tmp/newElapsedTime\OKX-Books-BTC-USDT-400-1740629858200-1740630359402.json,             0,                       0
tmp/newElapsedTime\OKX-Books-BTC-USDT-400-1740630359502-1740630860302.json,             0,                       0
tmp/newElapsedTime\OKX-Books-BTC-USDT-400-1740630860402-1740631360902.json,             1,                       1.0
tmp/newElapsedTime\OKX-Books-BTC-USDT-400-1740631360802-1740631861905.json,             1,                       1.0
tmp/newElapsedTime\OKX-Books-BTC-USDT-400-1740631862005-1740632363405.json,             0,                       0
tmp/newElapsedTime\OKX-Books-BTC-USDT-400-1740632363505-1740632864203.json,             0,                       0
tmp/newElapsedTime\OKX-Books-BTC-USDT-400-1740632864303-1740633364303.json,             0,                       0
tmp/newElapsedTime\OKX-Books-BTC-USDT-400-1740633364403-1740633864905.json,             0,                       0
tmp/newElapsedTime\OKX-Books-BTC-USDT-400-1740633865005-1740634366305.json,             0,                       0
tmp/newElapsedTime\OKX-Books-BTC-USDT-400-1740634366405-1740634867708.json,             0,                       0
tmp/newElapsedTime\OKX-Books-BTC-USDT-400-1740634867808-1740635372105.json,             0,                       0
tmp/newElapsedTime\OKX-Books-BTC-USDT-400-1740635372205-1740635874105.json,             0,                       0
tmp/newElapsedTime\OKX-Books-BTC-USDT-400-1740635874205-1740636375103.json,             0,                       0
tmp/newElapsedTime\OKX-Books-BTC-USDT-400-1740636375203-1740636877103.json,             0,                       0
tmp/newElapsedTime\OKX-Books-BTC-USDT-400-1740636877203-1740637379703.json,             0,                       0
tmp/newElapsedTime\OKX-Books-BTC-USDT-400-1740637379803-1740637880103.json,             0,                       0
tmp/newElapsedTime\OKX-Books-BTC-USDT-400-1740637880203-1740638380903.json,             0,                       0
tmp/newElapsedTime\OKX-Books-BTC-USDT-400-1740638381003-1740638881003.json,             0,                       0
tmp/newElapsedTime\OKX-Books-BTC-USDT-400-1740638881103-1740639381503.json,             0,                       0
tmp/newElapsedTime\OKX-Books-BTC-USDT-400-1740639381603-1740639882303.json,             0,                       0
tmp/newElapsedTime\OKX-Books-BTC-USDT-400-1740639882403-1740640383308.json,             0,                       0
tmp/newElapsedTime\OKX-Books-BTC-USDT-400-1740640383408-1740640883808.json,             0,                       0
tmp/newElapsedTime\OKX-Books-BTC-USDT-400-1740640883908-1740641384308.json,             0,                       0
tmp/newElapsedTime\OKX-Books-BTC-USDT-400-1740641384408-1740641885108.json,             0,                       0
tmp/newElapsedTime\OKX-Books-BTC-USDT-400-1740641885208-1740642385508.json,             0,                       0
tmp/newElapsedTime\OKX-Books-BTC-USDT-400-1740642385608-1740642886808.json,             0,                       0
tmp/newElapsedTime\OKX-Books-BTC-USDT-400-1740642886908-1740643388408.json,             1,                       1.0
tmp/newElapsedTime\OKX-Books-BTC-USDT-400-1740643388308-1740643889702.json,             2,                       1.0
tmp/newElapsedTime\OKX-Books-BTC-USDT-400-1740643889602-1740644390302.json,             1,                       1.0
tmp/newElapsedTime\OKX-Books-BTC-USDT-400-1740644390402-1740644891102.json,             0,                       0
tmp/newElapsedTime\OKX-Books-BTC-USDT-400-1740644891202-1740645392302.json,             1,                       1.0
tmp/newElapsedTime\OKX-Books-BTC-USDT-400-1740645392202-1740645892602.json,             1,                       1.0
tmp/newElapsedTime\OKX-Books-BTC-USDT-400-1740645892702-1740646393702.json,             0,                       0
tmp/newElapsedTime\OKX-Books-BTC-USDT-400-1740646393802-1740646896302.json,             0,                       0
tmp/newElapsedTime\OKX-Books-BTC-USDT-400-1740646896402-1740647397505.json,             0,                       0
tmp/newElapsedTime\OKX-Books-BTC-USDT-400-1740647397605-1740647897905.json,             1,                       1.0
tmp/newElapsedTime\OKX-Books-BTC-USDT-400-1740647897805-1740648398806.json,             1,                       1.0
tmp/newElapsedTime\OKX-Books-BTC-USDT-400-1740648398906-1740648899606.json,             0,                       0
tmp/newElapsedTime\OKX-Books-BTC-USDT-400-1740648899706-1740649401606.json,             0,                       0
tmp/newElapsedTime\OKX-Books-BTC-USDT-400-1740649401706-1740649904306.json,             0,                       0
tmp/newElapsedTime\OKX-Books-BTC-USDT-400-1740649904406-1740650408006.json,             0,                       0
tmp/newElapsedTime\OKX-Books-BTC-USDT-400-1740650408106-1740650909108.json,             0,                       0
tmp/newElapsedTime\OKX-Books-BTC-USDT-400-1740650909208-1740651411108.json,             0,                       0
tmp/newElapsedTime\OKX-Books-BTC-USDT-400-1740651411208-1740651913201.json,             0,                       0
tmp/newElapsedTime\OKX-Books-BTC-USDT-400-1740651913301-1740652417201.json,             0,                       0
tmp/newElapsedTime\OKX-Books-BTC-USDT-400-1740652417301-1740652923501.json,             0,                       0
tmp/newElapsedTime\OKX-Books-BTC-USDT-400-1740652923601-1740653428101.json,             0,                       0
tmp/newElapsedTime\OKX-Books-BTC-USDT-400-1740653428201-1740653929201.json,             0,                       0
tmp/newElapsedTime\OKX-Books-BTC-USDT-400-1740653929301-1740654430106.json,             0,                       0
tmp/newElapsedTime\OKX-Books-BTC-USDT-400-1740654430206-1740654931506.json,             1,                       2.0
tmp/newElapsedTime\OKX-Books-BTC-USDT-400-1740654931306-1740655433506.json,             1,                       2.0
tmp/newElapsedTime\OKX-Books-BTC-USDT-400-1740655433606-1740655935106.json,             0,                       0
tmp/newElapsedTime\OKX-Books-BTC-USDT-400-1740655935206-1740656435906.json,             0,                       0
tmp/newElapsedTime\OKX-Books-BTC-USDT-400-1740656436006-1740656937206.json,             0,                       0
tmp/newElapsedTime\OKX-Books-BTC-USDT-400-1740656937306-1740657438806.json,             0,                       0
tmp/newElapsedTime\OKX-Books-BTC-USDT-400-1740657438906-1740657940006.json,             0,                       0
tmp/newElapsedTime\OKX-Books-BTC-USDT-400-1740657940106-1740658440706.json,             0,                       0
tmp/newElapsedTime\OKX-Books-BTC-USDT-400-1740658440806-1740658941606.json,             1,                       1.0
tmp/newElapsedTime\OKX-Books-BTC-USDT-400-1740658941506-1740659443406.json,             1,                       1.0
tmp/newElapsedTime\OKX-Books-BTC-USDT-400-1740659443506-1740659945206.json,             0,                       0
tmp/newElapsedTime\OKX-Books-BTC-USDT-400-1740659945306-1740660446606.json,             0,                       0
tmp/newElapsedTime\OKX-Books-BTC-USDT-400-1740660446706-1740660948908.json,             0,                       0
tmp/newElapsedTime\OKX-Books-BTC-USDT-400-1740660949008-1740661450208.json,             0,                       0
tmp/newElapsedTime\OKX-Books-BTC-USDT-400-1740661450308-1740661951909.json,             0,                       0
tmp/newElapsedTime\OKX-Books-BTC-USDT-400-1740661952009-1740662453109.json,             0,                       0
tmp/newElapsedTime\OKX-Books-BTC-USDT-400-1740662453209-1740662954209.json,             0,                       0
tmp/newElapsedTime\OKX-Books-BTC-USDT-400-1740662954309-1740663454509.json,             0,                       0
tmp/newElapsedTime\OKX-Books-BTC-USDT-400-1740663454609-1740663954509.json,             0,                       0
tmp/newElapsedTime\OKX-Books-BTC-USDT-400-1740663954609-1740664454509.json,             0,                       0
tmp/newElapsedTime\OKX-Books-BTC-USDT-400-1740664454609-1740664954909.json,             1,                       2.0
tmp/newElapsedTime\OKX-Books-BTC-USDT-400-1740664954709-1740665455104.json,             1,                       2.0
tmp/newElapsedTime\OKX-Books-BTC-USDT-400-1740665455204-1740665955304.json,             0,                       0
tmp/newElapsedTime\OKX-Books-BTC-USDT-400-1740665955404-1740666455304.json,             0,                       0
tmp/newElapsedTime\OKX-Books-BTC-USDT-400-1740666455404-1740666955306.json,             0,                       0
tmp/newElapsedTime\OKX-Books-BTC-USDT-400-1740666955406-1740667455306.json,             0,                       0
tmp/newElapsedTime\OKX-Books-BTC-USDT-400-1740667455406-1740667955307.json,             0,                       0
tmp/newElapsedTime\OKX-Books-BTC-USDT-400-1740667955407-1740668455307.json,             0,                       0
tmp/newElapsedTime\OKX-Books-BTC-USDT-400-1740668455407-1740668955705.json,             0,                       0
tmp/newElapsedTime\OKX-Books-BTC-USDT-400-1740668955805-1740669455705.json,             0,                       0
tmp/newElapsedTime\OKX-Books-BTC-USDT-400-1740669455805-1740669955706.json,             0,                       0
tmp/newElapsedTime\OKX-Books-BTC-USDT-400-1740669955806-1740670455806.json,             1,                       1.0
tmp/newElapsedTime\OKX-Books-BTC-USDT-400-1740670455706-1740670955707.json,             1,                       1.0
tmp/newElapsedTime\OKX-Books-BTC-USDT-400-1740670955807-1740671455807.json,             0,                       0
tmp/newElapsedTime\OKX-Books-BTC-USDT-400-1740671455907-1740671955807.json,             0,                       0
